Rocket League®,36.99,22.19
Tomb Raider,34.99,8.74
Rocket League® - Supersonic Fury DLC Pack,8.39,5.03
Airport CEO,29.99,26.99
Rocket League® - Revenge of the Battle-Cars DLC Pack,8.39,5.03
Rocket League® - Chaos Run DLC Pack,8.39,5.03
Submerged,36.99,3.69
Besiege,15.99,10.71
Sudden Strike 4,90.99,60.96
Killer Instinct,72.99,54.74
Car Mechanic Simulator 2018,36.99,31.44
Life is Feudal: Your Own,72.99,36.49
Valnir Rok,36.99,33.29
Farming Simulator 17,99.9,89.91
STRAFE: Millennium Edition,36.99,18.49
Tropico 4,27.99,5.59
King's Bounty: The Legend,13.99,3.49
King's Bounty: Armored Princess,19.99,4.99
King's Bounty: Crossworlds,36.99,9.24
Feel The Snow,17.99,10.79
Rock of Ages 2: Bigger & Boulder™,27.99,25.19
Tropico 5,45.99,9.19
Vikings - Wolves of Midgard,72.99,25.54
Tropico 4: Modern Times,13.99,2.79
Tropico 4: Pirate Heaven DLC,6.29,1.25
Rocket League®,36.99,22.19
Tomb Raider,34.99,8.74
Rocket League® - Supersonic Fury DLC Pack,8.39,5.03
Rocket League® - Revenge of the Battle-Cars DLC Pack,8.39,5.03
Rocket League® - Chaos Run DLC Pack,8.39,5.03
Airport CEO,29.99,26.99
Submerged,36.99,3.69
Sudden Strike 4,90.99,60.96
Besiege,15.99,10.71
Killer Instinct,72.99,54.74
Car Mechanic Simulator 2018,36.99,31.44
Life is Feudal: Your Own,72.99,36.49
Valnir Rok,36.99,33.29
Farming Simulator 17,99.9,89.91
STRAFE: Millennium Edition,36.99,18.49
Tropico 4,27.99,5.59
Feel The Snow,17.99,10.79
King's Bounty: The Legend,13.99,3.49
King's Bounty: Armored Princess,19.99,4.99
King's Bounty: Crossworlds,36.99,9.24
Vikings - Wolves of Midgard,72.99,25.54
Rock of Ages 2: Bigger & Boulder™,27.99,25.19
Tropico 5,45.99,9.19
Tropico 4: Modern Times,13.99,2.79
Tropico 4: Pirate Heaven DLC,6.29,1.25
Rocket League®,36.99,22.19
Tomb Raider,34.99,8.74
Rocket League® - Supersonic Fury DLC Pack,8.39,5.03
Rocket League® - Chaos Run DLC Pack,8.39,5.03
Rocket League® - Revenge of the Battle-Cars DLC Pack,8.39,5.03
Airport CEO,29.99,26.99
Submerged,36.99,3.69
Sudden Strike 4,90.99,60.96
Besiege,15.99,10.71
Killer Instinct,72.99,54.74
Car Mechanic Simulator 2018,36.99,31.44
Life is Feudal: Your Own,72.99,36.49
Vikings - Wolves of Midgard,72.99,25.54
Valnir Rok,36.99,33.29
Farming Simulator 17,99.9,89.91
STRAFE: Millennium Edition,36.99,18.49
Feel The Snow,17.99,10.79
Tropico 4,27.99,5.59
King's Bounty: Crossworlds,36.99,9.24
King's Bounty: Armored Princess,19.99,4.99
King's Bounty: The Legend,13.99,3.49
Rock of Ages 2: Bigger & Boulder™,27.99,25.19
Tropico 5,45.99,9.19
Tropico 4: Propaganda!,6.29,1.25
Tropico 4: Voodoo DLC,6.29,1.25
Rocket League®,36.99,22.19
Tomb Raider,34.99,8.74
Rocket League® - Supersonic Fury DLC Pack,8.39,5.03
Rocket League® - Revenge of the Battle-Cars DLC Pack,8.39,5.03
Rocket League® - Chaos Run DLC Pack,8.39,5.03
Airport CEO,29.99,26.99
Submerged,36.99,3.69
Sudden Strike 4,90.99,60.96
Besiege,15.99,10.71
Killer Instinct,72.99,54.74
Car Mechanic Simulator 2018,36.99,31.44
Life is Feudal: Your Own,72.99,36.49
Valnir Rok,36.99,33.29
Farming Simulator 17,99.9,89.91
STRAFE: Millennium Edition,36.99,18.49
Tropico 4,27.99,5.59
Feel The Snow,17.99,10.79
King's Bounty: The Legend,13.99,3.49
King's Bounty: Armored Princess,19.99,4.99
King's Bounty: Crossworlds,36.99,9.24
Vikings - Wolves of Midgard,72.99,25.54
Rock of Ages 2: Bigger & Boulder™,27.99,25.19
Tropico 5,45.99,9.19
Tropico 4: Modern Times,13.99,2.79
Tropico 4: Pirate Heaven DLC,6.29,1.25
Rocket League®,36.99,22.19
Tomb Raider,34.99,8.74
Rocket League® - Supersonic Fury DLC Pack,8.39,5.03
Rocket League® - Revenge of the Battle-Cars DLC Pack,8.39,5.03
Rocket League® - Chaos Run DLC Pack,8.39,5.03
Airport CEO,29.99,26.99
Submerged,36.99,3.69
Sudden Strike 4,90.99,60.96
Besiege,15.99,10.71
Killer Instinct,72.99,54.74
Car Mechanic Simulator 2018,36.99,31.44
Life is Feudal: Your Own,72.99,36.49
Valnir Rok,36.99,33.29
Farming Simulator 17,99.9,89.91
STRAFE: Millennium Edition,36.99,18.49
Tropico 4,27.99,5.59
Feel The Snow,17.99,10.79
King's Bounty: The Legend,13.99,3.49
King's Bounty: Armored Princess,19.99,4.99
King's Bounty: Crossworlds,36.99,9.24
Vikings - Wolves of Midgard,72.99,25.54
Rock of Ages 2: Bigger & Boulder™,27.99,25.19
Tropico 5,45.99,9.19
Tropico 4: Modern Times,13.99,2.79
Tropico 4: Pirate Heaven DLC,6.29,1.25
Rocket League®,36.99,22.19
Tomb Raider,34.99,8.74
Rocket League® - Supersonic Fury DLC Pack,8.39,5.03
Rocket League® - Chaos Run DLC Pack,8.39,5.03
Rocket League® - Revenge of the Battle-Cars DLC Pack,8.39,5.03
Airport CEO,29.99,26.99
Submerged,36.99,3.69
Sudden Strike 4,90.99,60.96
Besiege,15.99,10.71
Killer Instinct,72.99,54.74
Car Mechanic Simulator 2018,36.99,31.44
Life is Feudal: Your Own,72.99,36.49
Vikings - Wolves of Midgard,72.99,25.54
Valnir Rok,36.99,33.29
Farming Simulator 17,99.9,89.91
STRAFE: Millennium Edition,36.99,18.49
Feel The Snow,17.99,10.79
Tropico 4,27.99,5.59
King's Bounty: Crossworlds,36.99,9.24
King's Bounty: Armored Princess,19.99,4.99
King's Bounty: The Legend,13.99,3.49
Rock of Ages 2: Bigger & Boulder™,27.99,25.19
Tropico 5,45.99,9.19
Tropico 4: Propaganda!,6.29,1.25
Tropico 4: Voodoo DLC,6.29,1.25
Rocket League®,36.99,22.19
Tomb Raider,34.99,8.74
Rocket League® - Supersonic Fury DLC Pack,8.39,5.03
Rocket League® - Revenge of the Battle-Cars DLC Pack,8.39,5.03
Rocket League® - Chaos Run DLC Pack,8.39,5.03
Airport CEO,29.99,26.99
Submerged,36.99,3.69
Sudden Strike 4,90.99,60.96
Besiege,15.99,10.71
Killer Instinct,72.99,54.74
Car Mechanic Simulator 2018,36.99,31.44
Life is Feudal: Your Own,72.99,36.49
Valnir Rok,36.99,33.29
Farming Simulator 17,99.9,89.91
STRAFE: Millennium Edition,36.99,18.49
Tropico 4,27.99,5.59
Feel The Snow,17.99,10.79
King's Bounty: The Legend,13.99,3.49
King's Bounty: Armored Princess,19.99,4.99
King's Bounty: Crossworlds,36.99,9.24
Vikings - Wolves of Midgard,72.99,25.54
Rock of Ages 2: Bigger & Boulder™,27.99,25.19
Tropico 5,45.99,9.19
Tropico 4: Modern Times,13.99,2.79
Tropico 4: Pirate Heaven DLC,6.29,1.25
Rocket League®,36.99,22.19
Tomb Raider,34.99,8.74
Rocket League® - Supersonic Fury DLC Pack,8.39,5.03
Airport CEO,29.99,26.99
Rocket League® - Revenge of the Battle-Cars DLC Pack,8.39,5.03
Rocket League® - Chaos Run DLC Pack,8.39,5.03
Submerged,36.99,3.69
Besiege,15.99,10.71
Sudden Strike 4,90.99,60.96
Killer Instinct,72.99,54.74
Car Mechanic Simulator 2018,36.99,31.44
Life is Feudal: Your Own,72.99,36.49
Valnir Rok,36.99,33.29
Farming Simulator 17,99.9,89.91
STRAFE: Millennium Edition,36.99,18.49
Tropico 4,27.99,5.59
King's Bounty: The Legend,13.99,3.49
King's Bounty: Armored Princess,19.99,4.99
King's Bounty: Crossworlds,36.99,9.24
Feel The Snow,17.99,10.79
Rock of Ages 2: Bigger & Boulder™,27.99,25.19
Tropico 5,45.99,9.19
Vikings - Wolves of Midgard,72.99,25.54
Tropico 4: Modern Times,13.99,2.79
Tropico 4: Pirate Heaven DLC,6.29,1.25
Rocket League®,36.99,22.19
Tomb Raider,34.99,8.74
Rocket League® - Supersonic Fury DLC Pack,8.39,5.03
Airport CEO,29.99,26.99
Rocket League® - Revenge of the Battle-Cars DLC Pack,8.39,5.03
Rocket League® - Chaos Run DLC Pack,8.39,5.03
Submerged,36.99,3.69
Besiege,15.99,10.71
Sudden Strike 4,90.99,60.96
Killer Instinct,72.99,54.74
Car Mechanic Simulator 2018,36.99,31.44
Life is Feudal: Your Own,72.99,36.49
Valnir Rok,36.99,33.29
Farming Simulator 17,99.9,89.91
STRAFE: Millennium Edition,36.99,18.49
Tropico 4,27.99,5.59
King's Bounty: The Legend,13.99,3.49
King's Bounty: Armored Princess,19.99,4.99
King's Bounty: Crossworlds,36.99,9.24
Feel The Snow,17.99,10.79
Rock of Ages 2: Bigger & Boulder™,27.99,25.19
Tropico 5,45.99,9.19
Vikings - Wolves of Midgard,72.99,25.54
Tropico 4: Modern Times,13.99,2.79
Tropico 4: Pirate Heaven DLC,6.29,1.25
Rocket League®,36.99,22.19
Tomb Raider,34.99,8.74
Rocket League® - Supersonic Fury DLC Pack,8.39,5.03
Rocket League® - Revenge of the Battle-Cars DLC Pack,8.39,5.03
Rocket League® - Chaos Run DLC Pack,8.39,5.03
Airport CEO,29.99,26.99
Submerged,36.99,3.69
Sudden Strike 4,90.99,60.96
Besiege,15.99,10.71
Killer Instinct,72.99,54.74
Car Mechanic Simulator 2018,36.99,31.44
Life is Feudal: Your Own,72.99,36.49
Valnir Rok,36.99,33.29
Farming Simulator 17,99.9,89.91
STRAFE: Millennium Edition,36.99,18.49
Tropico 4,27.99,5.59
Feel The Snow,17.99,10.79
King's Bounty: The Legend,13.99,3.49
King's Bounty: Armored Princess,19.99,4.99
King's Bounty: Crossworlds,36.99,9.24
Vikings - Wolves of Midgard,72.99,25.54
Rock of Ages 2: Bigger & Boulder™,27.99,25.19
Tropico 5,45.99,9.19
Tropico 4: Modern Times,13.99,2.79
Tropico 4: Pirate Heaven DLC,6.29,1.25
Rocket League®,36.99,22.19
Tomb Raider,34.99,8.74
Rocket League® - Supersonic Fury DLC Pack,8.39,5.03
Rocket League® - Revenge of the Battle-Cars DLC Pack,8.39,5.03
Rocket League® - Chaos Run DLC Pack,8.39,5.03
Airport CEO,29.99,26.99
Submerged,36.99,3.69
Sudden Strike 4,90.99,60.96
Besiege,15.99,10.71
Killer Instinct,72.99,54.74
Car Mechanic Simulator 2018,36.99,31.44
Life is Feudal: Your Own,72.99,36.49
Valnir Rok,36.99,33.29
Farming Simulator 17,99.9,89.91
STRAFE: Millennium Edition,36.99,18.49
Tropico 4,27.99,5.59
Feel The Snow,17.99,10.79
King's Bounty: The Legend,13.99,3.49
King's Bounty: Armored Princess,19.99,4.99
King's Bounty: Crossworlds,36.99,9.24
Vikings - Wolves of Midgard,72.99,25.54
Rock of Ages 2: Bigger & Boulder™,27.99,25.19
Tropico 5,45.99,9.19
Tropico 4: Modern Times,13.99,2.79
Tropico 4: Pirate Heaven DLC,6.29,1.25
Rocket League®,36.99,22.19
Tomb Raider,34.99,8.74
Rocket League® - Supersonic Fury DLC Pack,8.39,5.03
Rocket League® - Chaos Run DLC Pack,8.39,5.03
Rocket League® - Revenge of the Battle-Cars DLC Pack,8.39,5.03
Airport CEO,29.99,26.99
Submerged,36.99,3.69
Sudden Strike 4,90.99,60.96
Besiege,15.99,10.71
Killer Instinct,72.99,54.74
Car Mechanic Simulator 2018,36.99,31.44
Life is Feudal: Your Own,72.99,36.49
Vikings - Wolves of Midgard,72.99,25.54
Valnir Rok,36.99,33.29
Farming Simulator 17,99.9,89.91
STRAFE: Millennium Edition,36.99,18.49
Feel The Snow,17.99,10.79
Tropico 4,27.99,5.59
King's Bounty: Crossworlds,36.99,9.24
King's Bounty: Armored Princess,19.99,4.99
King's Bounty: The Legend,13.99,3.49
Rock of Ages 2: Bigger & Boulder™,27.99,25.19
Tropico 5,45.99,9.19
Tropico 4: Propaganda!,6.29,1.25
Tropico 4: Voodoo DLC,6.29,1.25
Rocket League®,36.99,22.19
Tomb Raider,34.99,8.74
Rocket League® - Supersonic Fury DLC Pack,8.39,5.03
Rocket League® - Revenge of the Battle-Cars DLC Pack,8.39,5.03
Rocket League® - Chaos Run DLC Pack,8.39,5.03
Airport CEO,29.99,26.99
Submerged,36.99,3.69
Sudden Strike 4,90.99,60.96
Besiege,15.99,10.71
Killer Instinct,72.99,54.74
Car Mechanic Simulator 2018,36.99,31.44
Life is Feudal: Your Own,72.99,36.49
Valnir Rok,36.99,33.29
Farming Simulator 17,99.9,89.91
STRAFE: Millennium Edition,36.99,18.49
Tropico 4,27.99,5.59
Feel The Snow,17.99,10.79
King's Bounty: The Legend,13.99,3.49
King's Bounty: Armored Princess,19.99,4.99
King's Bounty: Crossworlds,36.99,9.24
Vikings - Wolves of Midgard,72.99,25.54
Rock of Ages 2: Bigger & Boulder™,27.99,25.19
Tropico 5,45.99,9.19
Tropico 4: Modern Times,13.99,2.79
Tropico 4: Pirate Heaven DLC,6.29,1.25
Rocket League®,36.99,22.19
Tomb Raider,34.99,8.74
Rocket League® - Supersonic Fury DLC Pack,8.39,5.03
Airport CEO,29.99,26.99
Rocket League® - Revenge of the Battle-Cars DLC Pack,8.39,5.03
Rocket League® - Chaos Run DLC Pack,8.39,5.03
Submerged,36.99,3.69
Besiege,15.99,10.71
Sudden Strike 4,90.99,60.96
Killer Instinct,72.99,54.74
Car Mechanic Simulator 2018,36.99,31.44
Life is Feudal: Your Own,72.99,36.49
Valnir Rok,36.99,33.29
Farming Simulator 17,99.9,89.91
STRAFE: Millennium Edition,36.99,18.49
Tropico 4,27.99,5.59
King's Bounty: The Legend,13.99,3.49
King's Bounty: Armored Princess,19.99,4.99
King's Bounty: Crossworlds,36.99,9.24
Feel The Snow,17.99,10.79
Rock of Ages 2: Bigger & Boulder™,27.99,25.19
Tropico 5,45.99,9.19
Vikings - Wolves of Midgard,72.99,25.54
Tropico 4: Modern Times,13.99,2.79
Tropico 4: Pirate Heaven DLC,6.29,1.25
Rocket League®,36.99,22.19
Tomb Raider,34.99,8.74
Rocket League® - Supersonic Fury DLC Pack,8.39,5.03
Airport CEO,29.99,26.99
Rocket League® - Revenge of the Battle-Cars DLC Pack,8.39,5.03
Rocket League® - Chaos Run DLC Pack,8.39,5.03
Submerged,36.99,3.69
Besiege,15.99,10.71
Sudden Strike 4,90.99,60.96
Killer Instinct,72.99,54.74
Car Mechanic Simulator 2018,36.99,31.44
Life is Feudal: Your Own,72.99,36.49
Valnir Rok,36.99,33.29
Farming Simulator 17,99.9,89.91
STRAFE: Millennium Edition,36.99,18.49
Tropico 4,27.99,5.59
King's Bounty: The Legend,13.99,3.49
King's Bounty: Armored Princess,19.99,4.99
King's Bounty: Crossworlds,36.99,9.24
Feel The Snow,17.99,10.79
Rock of Ages 2: Bigger & Boulder™,27.99,25.19
Tropico 5,45.99,9.19
Vikings - Wolves of Midgard,72.99,25.54
Tropico 4: Modern Times,13.99,2.79
Tropico 4: Pirate Heaven DLC,6.29,1.25
Rocket League®,36.99,22.19
Tomb Raider,34.99,8.74
Rocket League® - Supersonic Fury DLC Pack,8.39,5.03
Rocket League® - Chaos Run DLC Pack,8.39,5.03
Rocket League® - Revenge of the Battle-Cars DLC Pack,8.39,5.03
Airport CEO,29.99,26.99
Submerged,36.99,3.69
Sudden Strike 4,90.99,60.96
Besiege,15.99,10.71
Killer Instinct,72.99,54.74
Car Mechanic Simulator 2018,36.99,31.44
Life is Feudal: Your Own,72.99,36.49
Vikings - Wolves of Midgard,72.99,25.54
Valnir Rok,36.99,33.29
Farming Simulator 17,99.9,89.91
STRAFE: Millennium Edition,36.99,18.49
Feel The Snow,17.99,10.79
Tropico 4,27.99,5.59
King's Bounty: Crossworlds,36.99,9.24
King's Bounty: Armored Princess,19.99,4.99
King's Bounty: The Legend,13.99,3.49
Rock of Ages 2: Bigger & Boulder™,27.99,25.19
Tropico 5,45.99,9.19
Tropico 4: Propaganda!,6.29,1.25
Tropico 4: Voodoo DLC,6.29,1.25
Rocket League®,36.99,22.19
Tomb Raider,34.99,8.74
Rocket League® - Supersonic Fury DLC Pack,8.39,5.03
Airport CEO,29.99,26.99
Rocket League® - Revenge of the Battle-Cars DLC Pack,8.39,5.03
Rocket League® - Chaos Run DLC Pack,8.39,5.03
Submerged,36.99,3.69
Besiege,15.99,10.71
Sudden Strike 4,90.99,60.96
Killer Instinct,72.99,54.74
Car Mechanic Simulator 2018,36.99,31.44
Life is Feudal: Your Own,72.99,36.49
Valnir Rok,36.99,33.29
Farming Simulator 17,99.9,89.91
STRAFE: Millennium Edition,36.99,18.49
Tropico 4,27.99,5.59
King's Bounty: The Legend,13.99,3.49
King's Bounty: Armored Princess,19.99,4.99
King's Bounty: Crossworlds,36.99,9.24
Feel The Snow,17.99,10.79
Rock of Ages 2: Bigger & Boulder™,27.99,25.19
Tropico 5,45.99,9.19
Vikings - Wolves of Midgard,72.99,25.54
Tropico 4: Modern Times,13.99,2.79
Tropico 4: Pirate Heaven DLC,6.29,1.25
Rocket League®,36.99,22.19
Tomb Raider,34.99,8.74
Rocket League® - Supersonic Fury DLC Pack,8.39,5.03
Rocket League® - Revenge of the Battle-Cars DLC Pack,8.39,5.03
Rocket League® - Chaos Run DLC Pack,8.39,5.03
Airport CEO,29.99,26.99
Submerged,36.99,3.69
Sudden Strike 4,90.99,60.96
Besiege,15.99,10.71
Killer Instinct,72.99,54.74
Car Mechanic Simulator 2018,36.99,31.44
Life is Feudal: Your Own,72.99,36.49
Valnir Rok,36.99,33.29
Farming Simulator 17,99.9,89.91
STRAFE: Millennium Edition,36.99,18.49
Tropico 4,27.99,5.59
Feel The Snow,17.99,10.79
King's Bounty: The Legend,13.99,3.49
King's Bounty: Armored Princess,19.99,4.99
King's Bounty: Crossworlds,36.99,9.24
Vikings - Wolves of Midgard,72.99,25.54
Rock of Ages 2: Bigger & Boulder™,27.99,25.19
Tropico 5,45.99,9.19
Tropico 4: Modern Times,13.99,2.79
Tropico 4: Pirate Heaven DLC,6.29,1.25
Rocket League®,36.99,22.19
Tomb Raider,34.99,8.74
Rocket League® - Supersonic Fury DLC Pack,8.39,5.03
Rocket League® - Revenge of the Battle-Cars DLC Pack,8.39,5.03
Rocket League® - Chaos Run DLC Pack,8.39,5.03
Airport CEO,29.99,26.99
Submerged,36.99,3.69
Sudden Strike 4,90.99,60.96
Besiege,15.99,10.71
Killer Instinct,72.99,54.74
Car Mechanic Simulator 2018,36.99,31.44
Life is Feudal: Your Own,72.99,36.49
Valnir Rok,36.99,33.29
Farming Simulator 17,99.9,89.91
STRAFE: Millennium Edition,36.99,18.49
Tropico 4,27.99,5.59
Feel The Snow,17.99,10.79
King's Bounty: The Legend,13.99,3.49
King's Bounty: Armored Princess,19.99,4.99
King's Bounty: Crossworlds,36.99,9.24
Vikings - Wolves of Midgard,72.99,25.54
Rock of Ages 2: Bigger & Boulder™,27.99,25.19
Tropico 5,45.99,9.19
Tropico 4: Modern Times,13.99,2.79
Tropico 4: Pirate Heaven DLC,6.29,1.25
Rocket League®,36.99,22.19
Tomb Raider,34.99,8.74
Rocket League® - Supersonic Fury DLC Pack,8.39,5.03
Rocket League® - Revenge of the Battle-Cars DLC Pack,8.39,5.03
Rocket League® - Chaos Run DLC Pack,8.39,5.03
Airport CEO,29.99,26.99
Submerged,36.99,3.69
Sudden Strike 4,90.99,60.96
Besiege,15.99,10.71
Killer Instinct,72.99,54.74
Car Mechanic Simulator 2018,36.99,31.44
Life is Feudal: Your Own,72.99,36.49
Valnir Rok,36.99,33.29
Farming Simulator 17,99.9,89.91
STRAFE: Millennium Edition,36.99,18.49
Tropico 4,27.99,5.59
Feel The Snow,17.99,10.79
King's Bounty: The Legend,13.99,3.49
King's Bounty: Armored Princess,19.99,4.99
King's Bounty: Crossworlds,36.99,9.24
Vikings - Wolves of Midgard,72.99,25.54
Rock of Ages 2: Bigger & Boulder™,27.99,25.19
Tropico 5,45.99,9.19
Tropico 4: Modern Times,13.99,2.79
Tropico 4: Pirate Heaven DLC,6.29,1.25
Rocket League®,36.99,22.19
Tomb Raider,34.99,8.74
Rocket League® - Supersonic Fury DLC Pack,8.39,5.03
Rocket League® - Chaos Run DLC Pack,8.39,5.03
Rocket League® - Revenge of the Battle-Cars DLC Pack,8.39,5.03
Airport CEO,29.99,26.99
Submerged,36.99,3.69
Sudden Strike 4,90.99,60.96
Besiege,15.99,10.71
Killer Instinct,72.99,54.74
Car Mechanic Simulator 2018,36.99,31.44
Life is Feudal: Your Own,72.99,36.49
Vikings - Wolves of Midgard,72.99,25.54
Valnir Rok,36.99,33.29
Farming Simulator 17,99.9,89.91
STRAFE: Millennium Edition,36.99,18.49
Feel The Snow,17.99,10.79
Tropico 4,27.99,5.59
King's Bounty: Crossworlds,36.99,9.24
King's Bounty: Armored Princess,19.99,4.99
King's Bounty: The Legend,13.99,3.49
Rock of Ages 2: Bigger & Boulder™,27.99,25.19
Tropico 5,45.99,9.19
Tropico 4: Propaganda!,6.29,1.25
Tropico 4: Voodoo DLC,6.29,1.25
Rocket League®,36.99,22.19
Tomb Raider,34.99,8.74
Rocket League® - Supersonic Fury DLC Pack,8.39,5.03
Rocket League® - Revenge of the Battle-Cars DLC Pack,8.39,5.03
Rocket League® - Chaos Run DLC Pack,8.39,5.03
Airport CEO,29.99,26.99
Submerged,36.99,3.69
Sudden Strike 4,90.99,60.96
Besiege,15.99,10.71
Killer Instinct,72.99,54.74
Car Mechanic Simulator 2018,36.99,31.44
Life is Feudal: Your Own,72.99,36.49
Valnir Rok,36.99,33.29
Farming Simulator 17,99.9,89.91
STRAFE: Millennium Edition,36.99,18.49
Tropico 4,27.99,5.59
Feel The Snow,17.99,10.79
King's Bounty: The Legend,13.99,3.49
King's Bounty: Armored Princess,19.99,4.99
King's Bounty: Crossworlds,36.99,9.24
Vikings - Wolves of Midgard,72.99,25.54
Rock of Ages 2: Bigger & Boulder™,27.99,25.19
Tropico 5,45.99,9.19
Tropico 4: Modern Times,13.99,2.79
Tropico 4: Pirate Heaven DLC,6.29,1.25
Rocket League®,36.99,22.19
Tomb Raider,34.99,8.74
Rocket League® - Supersonic Fury DLC Pack,8.39,5.03
Rocket League® - Revenge of the Battle-Cars DLC Pack,8.39,5.03
Rocket League® - Chaos Run DLC Pack,8.39,5.03
Airport CEO,29.99,26.99
Submerged,36.99,3.69
Sudden Strike 4,90.99,60.96
Besiege,15.99,10.71
Killer Instinct,72.99,54.74
Car Mechanic Simulator 2018,36.99,31.44
Life is Feudal: Your Own,72.99,36.49
Valnir Rok,36.99,33.29
Farming Simulator 17,99.9,89.91
STRAFE: Millennium Edition,36.99,18.49
Tropico 4,27.99,5.59
Feel The Snow,17.99,10.79
King's Bounty: The Legend,13.99,3.49
King's Bounty: Armored Princess,19.99,4.99
King's Bounty: Crossworlds,36.99,9.24
Vikings - Wolves of Midgard,72.99,25.54
Rock of Ages 2: Bigger & Boulder™,27.99,25.19
Tropico 5,45.99,9.19
Tropico 4: Modern Times,13.99,2.79
Tropico 4: Pirate Heaven DLC,6.29,1.25
Rocket League®,36.99,22.19
Tomb Raider,34.99,8.74
Rocket League® - Supersonic Fury DLC Pack,8.39,5.03
Rocket League® - Chaos Run DLC Pack,8.39,5.03
Rocket League® - Revenge of the Battle-Cars DLC Pack,8.39,5.03
Airport CEO,29.99,26.99
Submerged,36.99,3.69
Sudden Strike 4,90.99,60.96
Besiege,15.99,10.71
Killer Instinct,72.99,54.74
Car Mechanic Simulator 2018,36.99,31.44
Life is Feudal: Your Own,72.99,36.49
Vikings - Wolves of Midgard,72.99,25.54
Valnir Rok,36.99,33.29
Farming Simulator 17,99.9,89.91
STRAFE: Millennium Edition,36.99,18.49
Feel The Snow,17.99,10.79
Tropico 4,27.99,5.59
King's Bounty: Crossworlds,36.99,9.24
King's Bounty: Armored Princess,19.99,4.99
King's Bounty: The Legend,13.99,3.49
Rock of Ages 2: Bigger & Boulder™,27.99,25.19
Tropico 5,45.99,9.19
Tropico 4: Propaganda!,6.29,1.25
Tropico 4: Voodoo DLC,6.29,1.25
Rocket League®,36.99,22.19
Tomb Raider,34.99,8.74
Rocket League® - Supersonic Fury DLC Pack,8.39,5.03
Rocket League® - Revenge of the Battle-Cars DLC Pack,8.39,5.03
Rocket League® - Chaos Run DLC Pack,8.39,5.03
Airport CEO,29.99,26.99
Submerged,36.99,3.69
Sudden Strike 4,90.99,60.96
Besiege,15.99,10.71
Killer Instinct,72.99,54.74
Car Mechanic Simulator 2018,36.99,31.44
Life is Feudal: Your Own,72.99,36.49
Valnir Rok,36.99,33.29
Farming Simulator 17,99.9,89.91
STRAFE: Millennium Edition,36.99,18.49
Tropico 4,27.99,5.59
Feel The Snow,17.99,10.79
King's Bounty: The Legend,13.99,3.49
King's Bounty: Armored Princess,19.99,4.99
King's Bounty: Crossworlds,36.99,9.24
Vikings - Wolves of Midgard,72.99,25.54
Rock of Ages 2: Bigger & Boulder™,27.99,25.19
Tropico 5,45.99,9.19
Tropico 4: Modern Times,13.99,2.79
Tropico 4: Pirate Heaven DLC,6.29,1.25
Rocket League®,36.99,22.19
Tomb Raider,34.99,8.74
Rocket League® - Supersonic Fury DLC Pack,8.39,5.03
Airport CEO,29.99,26.99
Rocket League® - Revenge of the Battle-Cars DLC Pack,8.39,5.03
Rocket League® - Chaos Run DLC Pack,8.39,5.03
Submerged,36.99,3.69
Besiege,15.99,10.71
Sudden Strike 4,90.99,60.96
Killer Instinct,72.99,54.74
Car Mechanic Simulator 2018,36.99,31.44
Life is Feudal: Your Own,72.99,36.49
Valnir Rok,36.99,33.29
Farming Simulator 17,99.9,89.91
STRAFE: Millennium Edition,36.99,18.49
Tropico 4,27.99,5.59
King's Bounty: The Legend,13.99,3.49
King's Bounty: Armored Princess,19.99,4.99
King's Bounty: Crossworlds,36.99,9.24
Feel The Snow,17.99,10.79
Rock of Ages 2: Bigger & Boulder™,27.99,25.19
Tropico 5,45.99,9.19
Vikings - Wolves of Midgard,72.99,25.54
Tropico 4: Modern Times,13.99,2.79
Tropico 4: Pirate Heaven DLC,6.29,1.25
Rocket League®,36.99,22.19
Tomb Raider,34.99,8.74
Rocket League® - Supersonic Fury DLC Pack,8.39,5.03
Rocket League® - Revenge of the Battle-Cars DLC Pack,8.39,5.03
Rocket League® - Chaos Run DLC Pack,8.39,5.03
Airport CEO,29.99,26.99
Submerged,36.99,3.69
Sudden Strike 4,90.99,60.96
Besiege,15.99,10.71
Killer Instinct,72.99,54.74
Car Mechanic Simulator 2018,36.99,31.44
Life is Feudal: Your Own,72.99,36.49
Valnir Rok,36.99,33.29
Farming Simulator 17,99.9,89.91
STRAFE: Millennium Edition,36.99,18.49
Tropico 4,27.99,5.59
Feel The Snow,17.99,10.79
King's Bounty: The Legend,13.99,3.49
King's Bounty: Armored Princess,19.99,4.99
King's Bounty: Crossworlds,36.99,9.24
Vikings - Wolves of Midgard,72.99,25.54
Rock of Ages 2: Bigger & Boulder™,27.99,25.19
Tropico 5,45.99,9.19
Tropico 4: Modern Times,13.99,2.79
Tropico 4: Pirate Heaven DLC,6.29,1.25
Rocket League®,36.99,22.19
Tomb Raider,34.99,8.74
Rocket League® - Supersonic Fury DLC Pack,8.39,5.03
Airport CEO,29.99,26.99
Rocket League® - Revenge of the Battle-Cars DLC Pack,8.39,5.03
Rocket League® - Chaos Run DLC Pack,8.39,5.03
Submerged,36.99,3.69
Besiege,15.99,10.71
Sudden Strike 4,90.99,60.96
Killer Instinct,72.99,54.74
Car Mechanic Simulator 2018,36.99,31.44
Life is Feudal: Your Own,72.99,36.49
Valnir Rok,36.99,33.29
Farming Simulator 17,99.9,89.91
STRAFE: Millennium Edition,36.99,18.49
Tropico 4,27.99,5.59
King's Bounty: The Legend,13.99,3.49
King's Bounty: Armored Princess,19.99,4.99
King's Bounty: Crossworlds,36.99,9.24
Feel The Snow,17.99,10.79
Rock of Ages 2: Bigger & Boulder™,27.99,25.19
Tropico 5,45.99,9.19
Vikings - Wolves of Midgard,72.99,25.54
Tropico 4: Modern Times,13.99,2.79
Tropico 4: Pirate Heaven DLC,6.29,1.25
Rocket League®,36.99,22.19
Tomb Raider,34.99,8.74
Rocket League® - Supersonic Fury DLC Pack,8.39,5.03
Rocket League® - Chaos Run DLC Pack,8.39,5.03
Rocket League® - Revenge of the Battle-Cars DLC Pack,8.39,5.03
Airport CEO,29.99,26.99
Submerged,36.99,3.69
Sudden Strike 4,90.99,60.96
Besiege,15.99,10.71
Killer Instinct,72.99,54.74
Car Mechanic Simulator 2018,36.99,31.44
Life is Feudal: Your Own,72.99,36.49
Vikings - Wolves of Midgard,72.99,25.54
Valnir Rok,36.99,33.29
Farming Simulator 17,99.9,89.91
STRAFE: Millennium Edition,36.99,18.49
Feel The Snow,17.99,10.79
Tropico 4,27.99,5.59
King's Bounty: Crossworlds,36.99,9.24
King's Bounty: Armored Princess,19.99,4.99
King's Bounty: The Legend,13.99,3.49
Rock of Ages 2: Bigger & Boulder™,27.99,25.19
Tropico 5,45.99,9.19
Tropico 4: Propaganda!,6.29,1.25
Tropico 4: Voodoo DLC,6.29,1.25
Rocket League®,36.99,22.19
Tomb Raider,34.99,8.74
Rocket League® - Supersonic Fury DLC Pack,8.39,5.03
Rocket League® - Revenge of the Battle-Cars DLC Pack,8.39,5.03
Rocket League® - Chaos Run DLC Pack,8.39,5.03
Airport CEO,29.99,26.99
Submerged,36.99,3.69
Sudden Strike 4,90.99,60.96
Besiege,15.99,10.71
Killer Instinct,72.99,54.74
Car Mechanic Simulator 2018,36.99,31.44
Life is Feudal: Your Own,72.99,36.49
Valnir Rok,36.99,33.29
Farming Simulator 17,99.9,89.91
STRAFE: Millennium Edition,36.99,18.49
Tropico 4,27.99,5.59
Feel The Snow,17.99,10.79
King's Bounty: The Legend,13.99,3.49
King's Bounty: Armored Princess,19.99,4.99
King's Bounty: Crossworlds,36.99,9.24
Vikings - Wolves of Midgard,72.99,25.54
Rock of Ages 2: Bigger & Boulder™,27.99,25.19
Tropico 5,45.99,9.19
Tropico 4: Modern Times,13.99,2.79
Tropico 4: Pirate Heaven DLC,6.29,1.25
Rocket League®,36.99,22.19
Tomb Raider,34.99,8.74
Rocket League® - Supersonic Fury DLC Pack,8.39,5.03
Rocket League® - Revenge of the Battle-Cars DLC Pack,8.39,5.03
Rocket League® - Chaos Run DLC Pack,8.39,5.03
Airport CEO,29.99,26.99
Submerged,36.99,3.69
Sudden Strike 4,90.99,60.96
Besiege,15.99,10.71
Killer Instinct,72.99,54.74
Car Mechanic Simulator 2018,36.99,31.44
Life is Feudal: Your Own,72.99,36.49
Valnir Rok,36.99,33.29
Farming Simulator 17,99.9,89.91
STRAFE: Millennium Edition,36.99,18.49
Tropico 4,27.99,5.59
Feel The Snow,17.99,10.79
King's Bounty: The Legend,13.99,3.49
King's Bounty: Armored Princess,19.99,4.99
King's Bounty: Crossworlds,36.99,9.24
Vikings - Wolves of Midgard,72.99,25.54
Rock of Ages 2: Bigger & Boulder™,27.99,25.19
Tropico 5,45.99,9.19
Tropico 4: Modern Times,13.99,2.79
Tropico 4: Pirate Heaven DLC,6.29,1.25
Rocket League®,36.99,22.19
Tomb Raider,34.99,8.74
Rocket League® - Supersonic Fury DLC Pack,8.39,5.03
Rocket League® - Revenge of the Battle-Cars DLC Pack,8.39,5.03
Rocket League® - Chaos Run DLC Pack,8.39,5.03
Airport CEO,29.99,26.99
Submerged,36.99,3.69
Sudden Strike 4,90.99,60.96
Besiege,15.99,10.71
Killer Instinct,72.99,54.74
Car Mechanic Simulator 2018,36.99,31.44
Life is Feudal: Your Own,72.99,36.49
Valnir Rok,36.99,33.29
Farming Simulator 17,99.9,89.91
STRAFE: Millennium Edition,36.99,18.49
Tropico 4,27.99,5.59
Feel The Snow,17.99,10.79
King's Bounty: The Legend,13.99,3.49
King's Bounty: Armored Princess,19.99,4.99
King's Bounty: Crossworlds,36.99,9.24
Vikings - Wolves of Midgard,72.99,25.54
Rock of Ages 2: Bigger & Boulder™,27.99,25.19
Tropico 5,45.99,9.19
Tropico 4: Modern Times,13.99,2.79
Tropico 4: Pirate Heaven DLC,6.29,1.25
Rocket League®,36.99,22.19
Tomb Raider,34.99,8.74
Rocket League® - Supersonic Fury DLC Pack,8.39,5.03
Rocket League® - Revenge of the Battle-Cars DLC Pack,8.39,5.03
Rocket League® - Chaos Run DLC Pack,8.39,5.03
Airport CEO,29.99,26.99
Submerged,36.99,3.69
Sudden Strike 4,90.99,60.96
Besiege,15.99,10.71
Killer Instinct,72.99,54.74
Car Mechanic Simulator 2018,36.99,31.44
Life is Feudal: Your Own,72.99,36.49
Valnir Rok,36.99,33.29
Farming Simulator 17,99.9,89.91
STRAFE: Millennium Edition,36.99,18.49
Tropico 4,27.99,5.59
Feel The Snow,17.99,10.79
King's Bounty: The Legend,13.99,3.49
King's Bounty: Armored Princess,19.99,4.99
King's Bounty: Crossworlds,36.99,9.24
Vikings - Wolves of Midgard,72.99,25.54
Rock of Ages 2: Bigger & Boulder™,27.99,25.19
Tropico 5,45.99,9.19
Tropico 4: Modern Times,13.99,2.79
Tropico 4: Pirate Heaven DLC,6.29,1.25
Rocket League®,36.99,22.19
Tomb Raider,34.99,8.74
Rocket League® - Supersonic Fury DLC Pack,8.39,5.03
Rocket League® - Revenge of the Battle-Cars DLC Pack,8.39,5.03
Rocket League® - Chaos Run DLC Pack,8.39,5.03
Airport CEO,29.99,26.99
Submerged,36.99,3.69
Sudden Strike 4,90.99,60.96
Besiege,15.99,10.71
Killer Instinct,72.99,54.74
Car Mechanic Simulator 2018,36.99,31.44
Life is Feudal: Your Own,72.99,36.49
Valnir Rok,36.99,33.29
Farming Simulator 17,99.9,89.91
STRAFE: Millennium Edition,36.99,18.49
Tropico 4,27.99,5.59
Feel The Snow,17.99,10.79
King's Bounty: The Legend,13.99,3.49
King's Bounty: Armored Princess,19.99,4.99
King's Bounty: Crossworlds,36.99,9.24
Vikings - Wolves of Midgard,72.99,25.54
Rock of Ages 2: Bigger & Boulder™,27.99,25.19
Tropico 5,45.99,9.19
Tropico 4: Modern Times,13.99,2.79
Tropico 4: Pirate Heaven DLC,6.29,1.25
Rocket League®,36.99,22.19
Tomb Raider,34.99,8.74
Rocket League® - Supersonic Fury DLC Pack,8.39,5.03
Rocket League® - Revenge of the Battle-Cars DLC Pack,8.39,5.03
Rocket League® - Chaos Run DLC Pack,8.39,5.03
Airport CEO,29.99,26.99
Submerged,36.99,3.69
Sudden Strike 4,90.99,60.96
Besiege,15.99,10.71
Killer Instinct,72.99,54.74
Car Mechanic Simulator 2018,36.99,31.44
Life is Feudal: Your Own,72.99,36.49
Valnir Rok,36.99,33.29
Farming Simulator 17,99.9,89.91
STRAFE: Millennium Edition,36.99,18.49
Tropico 4,27.99,5.59
Feel The Snow,17.99,10.79
King's Bounty: The Legend,13.99,3.49
King's Bounty: Armored Princess,19.99,4.99
King's Bounty: Crossworlds,36.99,9.24
Vikings - Wolves of Midgard,72.99,25.54
Rock of Ages 2: Bigger & Boulder™,27.99,25.19
Tropico 5,45.99,9.19
Tropico 4: Modern Times,13.99,2.79
Tropico 4: Pirate Heaven DLC,6.29,1.25
Rocket League®,36.99,22.19
Tomb Raider,34.99,8.74
Rocket League® - Supersonic Fury DLC Pack,8.39,5.03
Rocket League® - Chaos Run DLC Pack,8.39,5.03
Rocket League® - Revenge of the Battle-Cars DLC Pack,8.39,5.03
Airport CEO,29.99,26.99
Submerged,36.99,3.69
Sudden Strike 4,90.99,60.96
Besiege,15.99,10.71
Killer Instinct,72.99,54.74
Car Mechanic Simulator 2018,36.99,31.44
Life is Feudal: Your Own,72.99,36.49
Vikings - Wolves of Midgard,72.99,25.54
Valnir Rok,36.99,33.29
Farming Simulator 17,99.9,89.91
STRAFE: Millennium Edition,36.99,18.49
Feel The Snow,17.99,10.79
Tropico 4,27.99,5.59
King's Bounty: Crossworlds,36.99,9.24
King's Bounty: Armored Princess,19.99,4.99
King's Bounty: The Legend,13.99,3.49
Rock of Ages 2: Bigger & Boulder™,27.99,25.19
Tropico 5,45.99,9.19
Tropico 4: Propaganda!,6.29,1.25
Tropico 4: Voodoo DLC,6.29,1.25
Rocket League®,36.99,22.19
Tomb Raider,34.99,8.74
Rocket League® - Supersonic Fury DLC Pack,8.39,5.03
Rocket League® - Revenge of the Battle-Cars DLC Pack,8.39,5.03
Rocket League® - Chaos Run DLC Pack,8.39,5.03
Airport CEO,29.99,26.99
Submerged,36.99,3.69
Sudden Strike 4,90.99,60.96
Besiege,15.99,10.71
Killer Instinct,72.99,54.74
Car Mechanic Simulator 2018,36.99,31.44
Life is Feudal: Your Own,72.99,36.49
Valnir Rok,36.99,33.29
Farming Simulator 17,99.9,89.91
STRAFE: Millennium Edition,36.99,18.49
Tropico 4,27.99,5.59
Feel The Snow,17.99,10.79
King's Bounty: The Legend,13.99,3.49
King's Bounty: Armored Princess,19.99,4.99
King's Bounty: Crossworlds,36.99,9.24
Vikings - Wolves of Midgard,72.99,25.54
Rock of Ages 2: Bigger & Boulder™,27.99,25.19
Tropico 5,45.99,9.19
Tropico 4: Modern Times,13.99,2.79
Tropico 4: Pirate Heaven DLC,6.29,1.25
Rocket League®,36.99,22.19
Tomb Raider,34.99,8.74
Rocket League® - Supersonic Fury DLC Pack,8.39,5.03
Rocket League® - Chaos Run DLC Pack,8.39,5.03
Rocket League® - Revenge of the Battle-Cars DLC Pack,8.39,5.03
Airport CEO,29.99,26.99
Submerged,36.99,3.69
Sudden Strike 4,90.99,60.96
Besiege,15.99,10.71
Killer Instinct,72.99,54.74
Car Mechanic Simulator 2018,36.99,31.44
Life is Feudal: Your Own,72.99,36.49
Vikings - Wolves of Midgard,72.99,25.54
Valnir Rok,36.99,33.29
Farming Simulator 17,99.9,89.91
STRAFE: Millennium Edition,36.99,18.49
Feel The Snow,17.99,10.79
Tropico 4,27.99,5.59
King's Bounty: Crossworlds,36.99,9.24
King's Bounty: Armored Princess,19.99,4.99
King's Bounty: The Legend,13.99,3.49
Rock of Ages 2: Bigger & Boulder™,27.99,25.19
Tropico 5,45.99,9.19
Tropico 4: Propaganda!,6.29,1.25
Tropico 4: Voodoo DLC,6.29,1.25
Rocket League®,36.99,22.19
Tomb Raider,34.99,8.74
Rocket League® - Supersonic Fury DLC Pack,8.39,5.03
Rocket League® - Chaos Run DLC Pack,8.39,5.03
Rocket League® - Revenge of the Battle-Cars DLC Pack,8.39,5.03
Airport CEO,29.99,26.99
Submerged,36.99,3.69
Sudden Strike 4,90.99,60.96
Besiege,15.99,10.71
Killer Instinct,72.99,54.74
Car Mechanic Simulator 2018,36.99,31.44
Life is Feudal: Your Own,72.99,36.49
Vikings - Wolves of Midgard,72.99,25.54
Valnir Rok,36.99,33.29
Farming Simulator 17,99.9,89.91
STRAFE: Millennium Edition,36.99,18.49
Feel The Snow,17.99,10.79
Tropico 4,27.99,5.59
King's Bounty: Crossworlds,36.99,9.24
King's Bounty: Armored Princess,19.99,4.99
King's Bounty: The Legend,13.99,3.49
Rock of Ages 2: Bigger & Boulder™,27.99,25.19
Tropico 5,45.99,9.19
Tropico 4: Propaganda!,6.29,1.25
Tropico 4: Voodoo DLC,6.29,1.25
Rocket League®,36.99,22.19
Tomb Raider,34.99,8.74
Rocket League® - Supersonic Fury DLC Pack,8.39,5.03
Rocket League® - Chaos Run DLC Pack,8.39,5.03
Rocket League® - Revenge of the Battle-Cars DLC Pack,8.39,5.03
Airport CEO,29.99,26.99
Submerged,36.99,3.69
Sudden Strike 4,90.99,60.96
Besiege,15.99,10.71
Killer Instinct,72.99,54.74
Car Mechanic Simulator 2018,36.99,31.44
Life is Feudal: Your Own,72.99,36.49
Vikings - Wolves of Midgard,72.99,25.54
Valnir Rok,36.99,33.29
Farming Simulator 17,99.9,89.91
STRAFE: Millennium Edition,36.99,18.49
Feel The Snow,17.99,10.79
Tropico 4,27.99,5.59
King's Bounty: Crossworlds,36.99,9.24
King's Bounty: Armored Princess,19.99,4.99
King's Bounty: The Legend,13.99,3.49
Rock of Ages 2: Bigger & Boulder™,27.99,25.19
Tropico 5,45.99,9.19
Tropico 4: Propaganda!,6.29,1.25
Tropico 4: Voodoo DLC,6.29,1.25
Rocket League®,36.99,22.19
Tomb Raider,34.99,8.74
Rocket League® - Supersonic Fury DLC Pack,8.39,5.03
Rocket League® - Revenge of the Battle-Cars DLC Pack,8.39,5.03
Rocket League® - Chaos Run DLC Pack,8.39,5.03
Airport CEO,29.99,26.99
Submerged,36.99,3.69
Sudden Strike 4,90.99,60.96
Besiege,15.99,10.71
Killer Instinct,72.99,54.74
Car Mechanic Simulator 2018,36.99,31.44
Life is Feudal: Your Own,72.99,36.49
Valnir Rok,36.99,33.29
Farming Simulator 17,99.9,89.91
STRAFE: Millennium Edition,36.99,18.49
Tropico 4,27.99,5.59
Feel The Snow,17.99,10.79
King's Bounty: The Legend,13.99,3.49
King's Bounty: Armored Princess,19.99,4.99
King's Bounty: Crossworlds,36.99,9.24
Vikings - Wolves of Midgard,72.99,25.54
Rock of Ages 2: Bigger & Boulder™,27.99,25.19
Tropico 5,45.99,9.19
Tropico 4: Modern Times,13.99,2.79
Tropico 4: Pirate Heaven DLC,6.29,1.25
Rocket League®,36.99,22.19
Tomb Raider,34.99,8.74
Rocket League® - Supersonic Fury DLC Pack,8.39,5.03
Rocket League® - Revenge of the Battle-Cars DLC Pack,8.39,5.03
Rocket League® - Chaos Run DLC Pack,8.39,5.03
Airport CEO,29.99,26.99
Submerged,36.99,3.69
Sudden Strike 4,90.99,60.96
Besiege,15.99,10.71
Killer Instinct,72.99,54.74
Car Mechanic Simulator 2018,36.99,31.44
Life is Feudal: Your Own,72.99,36.49
Valnir Rok,36.99,33.29
Farming Simulator 17,99.9,89.91
STRAFE: Millennium Edition,36.99,18.49
Tropico 4,27.99,5.59
Feel The Snow,17.99,10.79
King's Bounty: The Legend,13.99,3.49
King's Bounty: Armored Princess,19.99,4.99
King's Bounty: Crossworlds,36.99,9.24
Vikings - Wolves of Midgard,72.99,25.54
Rock of Ages 2: Bigger & Boulder™,27.99,25.19
Tropico 5,45.99,9.19
Tropico 4: Modern Times,13.99,2.79
Tropico 4: Pirate Heaven DLC,6.29,1.25
Rocket League®,36.99,22.19
Tomb Raider,34.99,8.74
Rocket League® - Supersonic Fury DLC Pack,8.39,5.03
Rocket League® - Revenge of the Battle-Cars DLC Pack,8.39,5.03
Rocket League® - Chaos Run DLC Pack,8.39,5.03
Airport CEO,29.99,26.99
Submerged,36.99,3.69
Sudden Strike 4,90.99,60.96
Besiege,15.99,10.71
Killer Instinct,72.99,54.74
Car Mechanic Simulator 2018,36.99,31.44
Life is Feudal: Your Own,72.99,36.49
Valnir Rok,36.99,33.29
Farming Simulator 17,99.9,89.91
STRAFE: Millennium Edition,36.99,18.49
Tropico 4,27.99,5.59
Feel The Snow,17.99,10.79
King's Bounty: The Legend,13.99,3.49
King's Bounty: Armored Princess,19.99,4.99
King's Bounty: Crossworlds,36.99,9.24
Vikings - Wolves of Midgard,72.99,25.54
Rock of Ages 2: Bigger & Boulder™,27.99,25.19
Tropico 5,45.99,9.19
Tropico 4: Modern Times,13.99,2.79
Tropico 4: Pirate Heaven DLC,6.29,1.25
Rocket League®,36.99,22.19
Tomb Raider,34.99,8.74
Rocket League® - Supersonic Fury DLC Pack,8.39,5.03
Rocket League® - Chaos Run DLC Pack,8.39,5.03
Rocket League® - Revenge of the Battle-Cars DLC Pack,8.39,5.03
Airport CEO,29.99,26.99
Submerged,36.99,3.69
Sudden Strike 4,90.99,60.96
Besiege,15.99,10.71
Killer Instinct,72.99,54.74
Car Mechanic Simulator 2018,36.99,31.44
Life is Feudal: Your Own,72.99,36.49
Vikings - Wolves of Midgard,72.99,25.54
Valnir Rok,36.99,33.29
Farming Simulator 17,99.9,89.91
STRAFE: Millennium Edition,36.99,18.49
Feel The Snow,17.99,10.79
Tropico 4,27.99,5.59
King's Bounty: Crossworlds,36.99,9.24
King's Bounty: Armored Princess,19.99,4.99
King's Bounty: The Legend,13.99,3.49
Rock of Ages 2: Bigger & Boulder™,27.99,25.19
Tropico 5,45.99,9.19
Tropico 4: Propaganda!,6.29,1.25
Tropico 4: Voodoo DLC,6.29,1.25
Rocket League®,36.99,22.19
Tomb Raider,34.99,8.74
Rocket League® - Supersonic Fury DLC Pack,8.39,5.03
Rocket League® - Revenge of the Battle-Cars DLC Pack,8.39,5.03
Rocket League® - Chaos Run DLC Pack,8.39,5.03
Airport CEO,29.99,26.99
Submerged,36.99,3.69
Sudden Strike 4,90.99,60.96
Besiege,15.99,10.71
Killer Instinct,72.99,54.74
Car Mechanic Simulator 2018,36.99,31.44
Life is Feudal: Your Own,72.99,36.49
Valnir Rok,36.99,33.29
Farming Simulator 17,99.9,89.91
STRAFE: Millennium Edition,36.99,18.49
Tropico 4,27.99,5.59
Feel The Snow,17.99,10.79
King's Bounty: The Legend,13.99,3.49
King's Bounty: Armored Princess,19.99,4.99
King's Bounty: Crossworlds,36.99,9.24
Vikings - Wolves of Midgard,72.99,25.54
Rock of Ages 2: Bigger & Boulder™,27.99,25.19
Tropico 5,45.99,9.19
Tropico 4: Modern Times,13.99,2.79
Tropico 4: Pirate Heaven DLC,6.29,1.25
